Restaurant ID,Rating,TimeStamp
16600038,4.5,1600924854
16600038,4.0,1594512772
16600038,4.0,1582484130
16600038,4.0,1578563989
16600038,5.0,1576830546
16597645,4.0,1600345494
16597645,2.0,1582236869
16597645,3.0,1575270525
16597645,5.0,1573665468
16597645,3.0,1561957149
18196379,4.0,1599486397
18196379,5.0,1591446993
18196379,4.0,1581225039
18196379,3.0,1571543092
18196379,5.0,1570369560
16598431,5.0,1600923465
16598431,4.0,1595091104
16598431,1.0,1581209891
16598431,1.0,1575700680
16598431,1.0,1573968365
16599082,3.0,1594512576
16599082,3.0,1583492273
16599082,5.0,1582828658
16599082,4.0,1582483875
16599082,4.0,1582235605
16595894,1.0,1599404974
16595894,4.0,1598162979
16595894,4.0,1598016784
16595894,4.0,1597924534
16595894,1.0,1595856413
16596036,4.0,1597678686
16596036,5.0,1595087881
16596036,5.0,1594035028
16596036,4.0,1592928621
16596036,4.0,1582485995
16599032,4.5,1600920024
16599032,4.0,1600259241
16599032,4.0,1598271437
16599032,4.0,1582486058
16599032,4.0,1579961163
16600553,4.5,1600921973
16600553,3.0,1599976007
16600553,2.0,1590922724
16600553,5.0,1588850472
16600553,2.0,1584074965
16596238,5.0,1582828752
16596238,4.0,1582483765
16596238,4.0,1581758596
16596238,4.0,1581225736
16596238,5.0,1578384690
16597513,1.0,1600000560
16597513,4.0,1596873245
16597513,4.0,1582484158
16597513,3.0,1582285227
16597513,2.0,1580484433
16596903,3.0,1600918023
16596903,5.0,1599438129
16596903,5.0,1595650206
16596903,4.0,1594428045
16596903,4.0,1584369366
16600511,5.0,1600916083
16600511,4.0,1598164619
16600511,5.0,1593495937
16600511,3.0,1592320607
16600511,4.0,1584369155
16599893,5.0,1594896846
16599893,3.0,1590995530
16599893,5.0,1589165472
16599893,5.0,1573601956
16599893,4.0,1573142359
18016553,4.0,1594450840
18016553,5.0,1591230188
18016553,5.0,1589877496
18016553,5.0,1589618900
18016553,4.0,1579561313
16600889,4.0,1601826226
16600889,4.0,1593946517
16600889,5.0,1584950786
16600889,4.0,1583653305
16600889,4.0,1582483751
16599949,2.0,1599303184
16599949,5.0,1596940331
16599949,4.0,1594035083
16599949,4.0,1592662666
16599949,4.0,1584369386
16596362,4.0,1600923479
16596362,2.0,1599540791
16596362,5.0,1596969732
16596362,4.0,1595086865
16596362,1.0,1581140812
16597137,3.0,1587017136
16597137,5.0,1578233601
16597137,4.0,1575180353
16597137,4.0,1573665375
16597137,4.0,1572958677
16598699,4.0,1600846568
16598699,4.0,1582486101
16598699,5.0,1582034831
16598699,5.0,1578847696
16598699,2.5,1561784648
16599765,4.0,1584369127
16599765,4.0,1583109526
16599765,3.0,1581225256
16599765,3.0,1578648638
16599765,4.0,1576821164
16596244,4.0,1601264523
16596244,4.0,1600925307
16596244,5.0,1595501555
16596244,4.0,1592667706
16596244,5.0,1582828769
16601597,4.0,1598271234
16601597,4.0,1591968761
16601597,4.0,1588665735
16601597,5.0,1579382680
16601597,4.0,1579044156
16598168,5.0,1600276373
16598168,5.0,1598415331
16598168,5.0,1596891585
16598168,5.0,1596286714
16598168,5.0,1596113019
16596306,5.0,1594639366
16596306,4.0,1582483941
16596306,5.0,1580900636
16596306,5.0,1561053864
16596306,5.0,1557463590
16596815,5.0,1598415365
16596815,4.0,1594097815
16596815,5.0,1582828702
16596815,4.0,1582485899
16596815,5.0,1581226514
16597030,5.0,1601692114
16597030,3.0,1597507159
16597030,4.0,1582483736
16597030,2.0,1579600273
16597030,5.0,1576939566
16600113,4.0,1598076777
16600113,4.0,1584369430
16600113,5.0,1576830522
16600113,4.0,1576472433
16600113,4.0,1575510318
16595944,3.5,1600925061
16595944,5.0,1591345965
16595944,4.0,1584369629
16595944,4.0,1573665359
16595944,5.0,1571137925
16600681,4.0,1600923976
16600681,4.0,1596939620
16600681,5.0,1592768603
16600681,4.0,1592493434
16600681,2.0,1591996495
16595766,4.0,1600923680
16595766,4.0,1584369005
16595766,5.0,1582828635
16595766,4.0,1582483860
16595766,5.0,1580562975
16600128,4.5,1600923053
16600128,3.0,1589369984
16600128,4.0,1584368997
16600128,4.0,1582486043
16600128,1.0,1581333765
16599597,4.0,1602084415
16599597,5.0,1596025019
16599597,5.0,1594910178
16599597,4.0,1587638448
16599597,5.0,1583409737
16599574,4.0,1591614570
16599574,2.0,1591586693
16599574,4.0,1584369573
16599574,5.0,1582828711
16599574,4.0,1582484238
16596860,4.0,1584250281
16596860,4.0,1582484223
16596860,4.0,1574527595
16596860,5.0,1555628122
16596860,5.0,1551124637
16598588,4.0,1584369050
16598588,4.0,1582483846
16598588,4.0,1581261155
16598588,5.0,1579543689
16598588,5.0,1576830631
16600792,4.5,1600923212
16600792,5.0,1586734958
16600792,4.0,1584369423
16600792,2.0,1583639850
16600792,5.0,1582828672
16599599,4.0,1599890592
16599599,3.0,1590995618
16599599,1.0,1586259842
16599599,4.0,1584369314
16599599,3.0,1581224902
16598048,4.0,1600922357
16598048,3.0,1598139980
16598048,5.0,1595501652
16598048,5.0,1582828644
16598048,4.0,1582486028
16601401,4.0,1595093080
16601401,4.0,1594118816
16601401,3.0,1593664375
16601401,4.0,1582906654
16601401,5.0,1579309537
16598837,4.0,1600924803
16598837,4.0,1583979054
16598837,5.0,1578875216
16598837,4.0,1567851579
16598837,4.0,1559462643
16600326,4.0,1600922130
16600326,4.0,1599486637
16600326,4.0,1597669343
16600326,1.0,1595699964
16600326,4.0,1584369375
16598045,5.0,1592531344
16598045,5.0,1590509223
16598045,4.0,1588163603
16598045,4.0,1587018569
16598045,5.0,1585130367
16597765,4.5,1600919664
16597765,5.0,1592195214
16597765,4.0,1582485929
16597765,5.0,1580213877
16597765,5.0,1575780309
16596635,4.0,1599016902
16596635,2.0,1590244665
16596635,4.0,1584369350
16596635,5.0,1582828719
16596635,4.0,1582485969
16597791,4.0,1600845305
16597791,4.0,1584369504
16597791,4.0,1582484188
16597791,5.0,1580267450
16597791,4.0,1577521316
16600310,3.0,1598271346
16600310,3.0,1597666250
16600310,3.0,1588666779
16600310,5.0,1581637836
16600310,5.0,1573374950
16596818,4.0,1591578324
16596818,4.0,1588781867
16596818,4.0,1584369532
16596818,4.0,1582485914
16596818,2.0,1580094315
16596980,4.0,1584369637
16596980,4.0,1539619709
16596980,4.0,1523711637
16596980,3.0,1521964773
16596980,4.5,1521700949
16595831,5.0,1601960140
16595831,5.0,1600241675
16595831,4.0,1599305268
16595831,4.0,1598379778
16595831,5.0,1597915339
16596581,1.0,1592994200
16596581,3.0,1591016156
16596581,1.0,1582271711
16596581,3.0,1579833276
16596581,2.0,1579368239
16599234,5.0,1588833998
16599234,3.0,1587019795
16599234,5.0,1578847896
16599234,5.0,1576483878
16599234,1.0,1566176384
16596548,4.0,1584369262
16596548,5.0,1582891358
16596548,4.0,1582483891
16596548,4.0,1574910985
16596548,4.0,1573665476
16597128,5.0,1586262904
16597128,4.0,1584369183
16597128,1.0,1577697714
16597128,3.0,1572752196
16597128,5.0,1568130621
16596534,1.0,1600572147
16596534,4.0,1584369556
16596534,1.0,1583553923
16596534,2.0,1582284555
16596534,5.0,1563789626
16596768,5.0,1582237829
16596768,5.0,1579543818
16596768,3.0,1575698475
16596768,5.0,1574947916
16596768,4.0,1568177828
16596072,4.5,1600923261
16596072,4.0,1584369012
16596072,2.0,1583223355
16596072,4.0,1583212900
16596072,4.0,1582484297
16597087,5.0,1597735389
16597087,3.0,1593333112
16597087,4.0,1593230100
16597087,4.0,1584369102
16597087,4.0,1578233493
16599918,3.0,1594035347
16599918,4.0,1587019701
16599918,4.0,1584368989
16599918,5.0,1583374981
16599918,4.0,1582828686
16596002,3.0,1596937396
16596002,4.0,1595340211
16596002,4.0,1593529459
16596002,4.0,1573263470
16596002,5.0,1568457659
16596945,4.0,1600919652
16596945,4.0,1600494806
16596945,5.0,1591785711
16596945,4.0,1584369219
16596945,4.0,1577361607
16596567,4.0,1584369323
16596567,4.0,1582448865
16596567,4.0,1573665439
16596567,2.0,1571747076
16596567,1.0,1570450038
16599146,4.0,1584369407
16599146,3.0,1582209121
16599146,5.0,1581249701
16599146,2.0,1580190246
16599146,4.0,1579152815
16596448,4.0,1600847750
16596448,1.0,1595063669
16596448,5.0,1594658984
16596448,3.0,1591152477
16596448,3.0,1591151458
16596981,1.0,1591442299
16596981,5.0,1590934458
16596981,5.0,1590890286
16596981,5.0,1589544489
16596981,4.0,1584369581
16596326,4.0,1600845294
16596326,4.0,1596969861
16596326,2.0,1596193631
16596326,1.0,1589704835
16596326,3.0,1583624296
16598876,4.0,1601897674
16598876,4.0,1584369466
16598876,4.0,1582486222
16598876,3.0,1578114461
16598876,3.0,1577703129
16598952,3.5,1600922144
16598952,5.0,1594292337
16598952,4.0,1584369032
16598952,5.0,1563412732
16598952,5.0,1556799190
16597131,5.0,1597659111
16597131,5.0,1594353749
16597131,5.0,1584596128
16597131,4.0,1578848207
16597131,1.0,1577453849
16596479,4.5,1600923823
16596479,3.0,1587035956
16596479,4.0,1584369565
16596479,1.0,1581914955
16596479,5.0,1580824817
16598976,5.0,1600925038
16598976,5.0,1581521523
16598976,5.0,1578580121
16598976,5.0,1575969773
16598976,5.0,1561052089
16598601,4.0,1601378440
16598601,1.0,1593262951
16598601,1.0,1592445078
16598601,4.0,1591614335
16598601,3.0,1581224768
16596234,4.0,1584369680
16596234,3.0,1562741002
16596234,2.0,1558613354
16596234,5.0,1557125938
16596234,5.0,1539622903
16602022,3.0,1592319981
16602022,4.0,1582906642
16602022,3.0,1579276099
16602022,3.0,1577583631
16602022,5.0,1575536124
16599605,4.5,1600847572
16599605,4.0,1584369254
16599605,4.0,1583028136
16599605,5.0,1582828651
16599605,4.0,1582483813
18156128,3.0,1597914828
18156128,4.0,1594292658
18156128,4.0,1593780602
18156128,3.0,1593602643
18156128,4.0,1584369285
16597743,3.0,1600846694
16597743,5.0,1597135585
16597743,4.0,1594909753
16597743,5.0,1594615343
16597743,4.0,1591184051
16601688,1.0,1598167403
16601688,3.0,1592392863
16601688,4.0,1584369474
16601688,2.0,1582774429
16601688,4.0,1582483986
16596049,4.0,1600950335
16596049,3.0,1599210028
16596049,4.0,1584369726
16596049,5.0,1582236964
16596049,5.0,1579151826
16599238,4.0,1598271137
16599238,5.0,1584533095
16599238,4.0,1584369788
16599238,5.0,1576830572
16599238,4.0,1576472400
16597986,4.5,1600924789
16597986,4.0,1584369415
16597986,3.0,1583281172
16597986,3.0,1569220964
16597986,5.0,1568457698
16598970,4.0,1584369671
16598970,3.0,1568429580
16598970,5.0,1567831158
16598970,5.0,1551001319
16598970,5.0,1549795593
16597786,4.0,1600924842
16597786,4.0,1584369654
16597786,4.0,1576655041
16597786,5.0,1561472255
16597786,4.0,1560589474
16598736,4.5,1600925427
16598736,4.0,1583667505
16598736,4.0,1577149403
16598736,3.0,1555154329
16598736,3.0,1548977026
16597253,1.0,1598772579
16597253,1.0,1593268291
16597253,5.0,1591469313
16597253,3.0,1587865390
16597253,4.0,1583500994
16597153,5.0,1601264711
16597153,5.0,1576830502
16597153,4.0,1576472447
16597153,4.0,1569235067
16597153,5.0,1566995774
16598361,4.0,1601278704
16598361,4.5,1600927499
16598361,3.0,1587035987
16598361,4.0,1584369247
16598361,4.0,1582484030
17841646,5.0,1599652182
17841646,4.0,1594879316
17841646,5.0,1566565658
17841646,4.0,1559403429
17841646,4.0,1552893567
16598265,5.0,1591785743
16598265,5.0,1580471961
16598265,5.0,1574527339
16598265,5.0,1574527306
16598265,4.0,1569156890
16601603,1.0,1601807492
16601603,4.0,1584369646
16601603,1.0,1580911454
16601603,2.0,1578149825
16601603,2.0,1565227354
16596615,4.0,1600843607
16596615,4.0,1584369711
16596615,5.0,1582828776
16596615,2.0,1574671457
16596615,4.0,1572753065
16600774,4.0,1581932246
16600774,4.0,1576625402
16600774,5.0,1574721588
16600774,4.0,1573665344
16600774,4.0,1572743676
16599908,4.5,1600924683
16599908,2.0,1600001790
16599908,5.0,1597581783
16599908,5.0,1595655217
16599908,3.0,1594512682
16600177,3.0,1572752065
16600177,4.0,1572301074
16600177,4.0,1567782439
16600177,5.0,1561264787
16600177,1.0,1558084299
16597916,3.0,1601873151
16597916,1.0,1589451453
16597916,4.0,1584369174
16597916,4.0,1582484093
16597916,1.0,1566225371
16602023,3.0,1600842786
16602023,4.0,1569677442
16602023,4.0,1561449288
16602023,5.0,1561421954
16602023,4.0,1560756309
16597503,4.0,1584369718
16597503,4.0,1582100978
16597503,3.0,1581854092
16597503,4.0,1581224661
16597503,5.0,1576830619
16599503,4.0,1571663188
16599503,4.0,1566815138
16599503,3.0,1557019257
16599503,4.0,1555736822
16599503,3.0,1543664750
16596197,4.0,1600923527
16596197,4.0,1600652140
16596197,2.0,1576884650
16596197,5.0,1572107146
16596197,4.0,1572006714
16596881,4.0,1599123432
16596881,4.0,1584369483
16596881,1.0,1582206811
16596881,1.0,1580798501
16596881,2.0,1574068614
16577492,5.0,1601716375
16577492,1.0,1601200062
16577492,4.0,1599565412
16577492,5.0,1594813105
16577492,5.0,1594644933
16585905,5.0,1601567218
16585905,5.0,1599861500
16585905,5.0,1598030010
16585905,4.0,1596552004
16585905,5.0,1595683752
16577212,5.0,1600197686
16577212,5.0,1599726214
16577212,5.0,1597909670
16577212,5.0,1596341526
16577212,5.0,1594635789
16583098,5.0,1601113835
16583098,5.0,1601041409
16583098,5.0,1600913151
16583098,5.0,1596962950
16583098,5.0,1596337995
16573665,4.0,1602070509
16573665,5.0,1600845773
16573665,5.0,1593003761
16573665,3.0,1592643197
16573665,5.0,1592397872
16582897,5.0,1602097875
16582897,5.0,1599502006
16582897,5.0,1599464068
16582897,5.0,1598036051
16582897,4.0,1594159604
18423923,5.0,1601041655
18423923,4.0,1597393913
18423923,5.0,1595679574
18423923,5.0,1594119154
18423923,5.0,1593303543
16582887,4.0,1600568684
16582887,5.0,1594021476
16582887,5.0,1592470736
16582887,5.0,1591951160
16582887,4.0,1591947058
16582069,4.0,1602034578
16582069,3.0,1599474519
16582069,5.0,1598747609
16582069,4.0,1596949530
16582069,5.0,1593628300
18449476,1.0,1600914082
18449476,5.0,1596339723
18449476,4.0,1596095064
18449476,3.0,1596087805
18449476,4.0,1594365144
18515006,4.0,1601420292
18515006,5.0,1592970643
18515006,2.0,1592602460
18515006,5.0,1592176301
18515006,5.0,1592036928
16581560,5.0,1593498771
16581560,5.0,1586921090
16581560,5.0,1583177723
16581560,4.0,1582128594
16581560,4.0,1582050627
16577214,3.0,1595330014
16577214,4.0,1583371623
16577214,4.0,1583177543
16577214,4.0,1582798842
16577214,4.0,1582113154
16582573,5.0,1601041621
16582573,4.0,1599909785
16582573,4.0,1594649128
16582573,4.0,1591523865
16582573,4.0,1584220225
16575238,4.0,1598400599
16575238,4.0,1594884353
16575238,5.0,1584350221
16575238,4.0,1581721532
16575238,4.0,1581623419
16713362,5.0,1592308462
16713362,5.0,1584835936
16713362,5.0,1583954825
16713362,4.0,1583561925
16713362,5.0,1583226759
18316755,1.0,1596598175
18316755,4.0,1593719109
18316755,5.0,1592456142
18316755,2.0,1592378390
18316755,5.0,1591269225
16585400,5.0,1601041978
16585400,5.0,1594008232
16585400,5.0,1593656044
16585400,5.0,1592413271
16585400,5.0,1592309838
16580028,5.0,1601567683
16580028,4.0,1601199645
16580028,5.0,1596342308
16580028,5.0,1592480967
16580028,5.0,1591950825
16578739,4.0,1596342709
16578739,4.0,1592879210
16578739,1.0,1592654923
16578739,4.0,1584153221
16578739,4.0,1582128997
16581005,4.0,1598605460
16581005,5.0,1594474967
16581005,3.0,1593854889
16581005,4.0,1592960791
16581005,5.0,1591700751
16578345,2.0,1594648610
16578345,4.0,1593235594
16578345,3.0,1591698061
16578345,1.0,1591370647
16578345,5.0,1589676328
16573377,5.0,1596679584
16573377,4.0,1593437821
16573377,5.0,1592403114
16573377,4.0,1583304073
16573377,2.0,1583298617
16581462,4.5,1600922831
16581462,3.0,1592700110
16581462,2.0,1582967247
16581462,4.0,1582262824
16581462,5.0,1581692502
16573759,5.0,1596607612
16573759,4.0,1586525455
16573759,5.0,1580962944
16573759,4.0,1579754940
16573759,5.0,1579428067
16572962,4.0,1590811840
16572962,4.0,1587035447
16572962,4.0,1583847776
16572962,4.0,1583730407
16572962,4.0,1582346811
16571189,5.0,1593695211
16571189,3.0,1593560088
16571189,5.0,1590071130
16571189,5.0,1586255918
16571189,4.0,1584260267
16571938,4.5,1600922766
16571938,5.0,1593947957
16571938,4.0,1582589995
16571938,4.0,1581623824
16571938,5.0,1581070627
18138489,4.0,1593931907
18138489,5.0,1592365206
18138489,4.0,1592305577
18138489,4.0,1591880392
18138489,5.0,1584771453
16572612,5.0,1601041295
16572612,5.0,1598760854
16572612,5.0,1594177132
16572612,5.0,1592573170
16572612,5.0,1591010334
16571240,1.0,1601634582
16571240,3.0,1594642432
16571240,5.0,1594387118
16571240,5.0,1594289428
16571240,5.0,1592602277
18584637,5.0,1602046518
18584637,5.0,1601113360
18584637,5.0,1600679512
18584637,4.0,1598874811
18584637,4.0,1598674014
16581252,4.0,1594049039
16581252,2.0,1592833700
16581252,4.0,1589523656
16581252,4.0,1587745024
16581252,4.0,1582677536
16586014,5.0,1601363064
16586014,5.0,1596592702
16586014,5.0,1593598508
16586014,4.0,1593428863
16586014,5.0,1592760151
16574687,5.0,1592733891
16574687,5.0,1592200881
16574687,5.0,1591697978
16574687,5.0,1582175183
16574687,4.0,1581396291
16572269,5.0,1598704690
16572269,4.0,1597139443
16572269,3.0,1594120444
16572269,4.0,1592304675
16572269,5.0,1585031083
16578793,5.0,1596462706
16578793,1.0,1591967462
16578793,5.0,1581848805
16578793,4.0,1581802967
16578793,5.0,1581402352
17881527,4.0,1594119365
17881527,5.0,1594015440
17881527,5.0,1594012929
17881527,5.0,1583847244
17881527,5.0,1583178610
16576154,5.0,1591951013
16576154,5.0,1582092869
16576154,4.0,1581820866
16576154,5.0,1581456974
16576154,3.0,1581163353
16582574,1.0,1601698516
16582574,1.0,1601697629
16582574,5.0,1597507056
16582574,5.0,1597303342
16582574,5.0,1596342493
18418602,5.0,1597207879
18418602,4.0,1597138434
18418602,5.0,1594039420
18418602,4.0,1593517225
18418602,5.0,1593463046
16576105,1.0,1593148135
16576105,2.0,1592280439
16576105,2.0,1592123497
16576105,1.0,1591965255
16576105,5.0,1582425184
16572688,4.0,1594380517
16572688,5.0,1588222565
16572688,2.0,1582689544
16572688,5.0,1581296183
16572688,5.0,1580811308
16585008,4.0,1593855170
16585008,4.0,1583717912
16585008,4.0,1582506620
16585008,5.0,1582268456
16585008,4.0,1579643611
16579706,5.0,1594247936
16579706,5.0,1592399233
16579706,4.0,1583548137
16579706,4.0,1583177600
16579706,4.0,1582521862
16572320,5.0,1601555271
16572320,4.0,1600693108
16572320,5.0,1593606513
16572320,5.0,1593518892
16572320,5.0,1586949131
16586349,5.0,1598147485
16586349,5.0,1596342987
16586349,5.0,1593652114
16586349,5.0,1593582659
16586349,5.0,1593049160
16586666,5.0,1596337823
16586666,1.0,1595993880
16586666,5.0,1593996344
16586666,5.0,1593949033
16586666,5.0,1584964267
16579873,5.0,1598574749
16579873,3.0,1596344468
16579873,5.0,1594000262
16579873,5.0,1593528153
16579873,5.0,1591431050
16576912,5.0,1593272757
16576912,4.0,1592651337
16576912,5.0,1591951656
16576912,4.0,1585355311
16576912,4.0,1583626385
18303417,5.0,1596465567
18303417,4.0,1593510665
18303417,5.0,1593018880
18303417,3.0,1592621958
18303417,4.0,1592397344
16575201,5.0,1601169873
16575201,4.0,1593836183
16575201,4.0,1591237316
16575201,3.0,1581849901
16575201,5.0,1581283633
16571861,5.0,1598744479
16571861,2.0,1593769640
16571861,5.0,1584238085
16571861,4.0,1583840417
16571861,4.0,1583711692
18316732,5.0,1588157476
18316732,1.0,1584244446
18316732,4.0,1582078800
18316732,4.0,1581459554
18316732,4.0,1579614016
16576959,4.0,1590638047
16576959,4.0,1580811402
16576959,4.0,1580128920
16576959,5.0,1578661941
16576959,5.0,1578057200
16713155,5.0,1598694941
16713155,5.0,1596340384
16713155,4.0,1594014654
16713155,4.0,1592790459
16713155,3.0,1591947013
16585490,5.0,1601041581
16585490,4.0,1596265197
16585490,5.0,1594300569
16585490,5.0,1594204131
16585490,2.0,1594014924
16577335,1.0,1593339261
16577335,2.0,1592653142
16577335,4.0,1583309457
16577335,3.0,1582964311
16577335,2.0,1581229409
17989264,5.0,1596866469
17989264,5.0,1595722671
17989264,5.0,1592373269
17989264,5.0,1592099290
17989264,5.0,1592038069
16570776,5.0,1597141927
16570776,5.0,1592888913
16570776,4.0,1591098776
16570776,4.0,1587743433
16570776,4.0,1584328036
17849632,4.0,1596450088
17849632,3.0,1593784961
17849632,4.0,1592102878
17849632,3.0,1591502657
17849632,2.0,1584862249
16571812,5.0,1594277512
16571812,4.0,1593521564
16571812,2.0,1588449442
16571812,4.0,1583309199
16571812,4.0,1583225677
16584504,4.0,1601208653
16584504,5.0,1596952567
16584504,5.0,1596344153
16584504,4.0,1596089883
16584504,3.0,1595057429
16582263,5.0,1600951647
16582263,5.0,1592283535
16582263,5.0,1592203166
16582263,4.0,1592029085
16582263,5.0,1584082204
16576477,5.0,1584089509
16576477,5.0,1583177652
16576477,4.0,1583098486
16576477,4.0,1582715365
16576477,3.0,1579173092
16578925,5.0,1584939149
16578925,2.0,1584184155
16578925,4.0,1582698526
16578925,5.0,1582205490
16578925,5.0,1581895248
16585312,4.0,1594212358
16585312,5.0,1591692322
16585312,4.0,1591502485
16585312,4.0,1586594039
16585312,3.0,1584751342
16577469,5.0,1596606990
16577469,5.0,1594163566
16577469,1.0,1593620777
16577469,4.0,1588906020
16577469,5.0,1583177608
16579337,5.0,1596340544
16579337,5.0,1591600988
16579337,5.0,1584705876
16579337,5.0,1583741751
16579337,5.0,1583637706
16570775,5.0,1601363045
16570775,5.0,1598761245
16570775,5.0,1597924194
16570775,5.0,1597837375
16570775,5.0,1596453009
16572325,5.0,1596607493
16572325,2.0,1594008780
16572325,5.0,1592622509
16572325,5.0,1583844487
16572325,4.0,1583703037
18567985,5.0,1601028056
18567985,3.0,1599035611
18567985,1.0,1597744551
18567985,5.0,1594375430
18567985,5.0,1591620704
16579424,5.0,1582799771
16579424,3.0,1581822028
16579424,4.0,1581322173
16579424,2.0,1574561925
16579424,4.0,1573514243
16571710,5.0,1593581330
16571710,5.0,1592050987
16571710,5.0,1587795235
16571710,5.0,1586690014
16571710,2.0,1585566118
16576466,4.0,1592648519
16576466,4.0,1589631479
16576466,4.0,1587039639
16576466,4.0,1583832071
16576466,4.0,1583745341
16573473,1.0,1598085464
16573473,5.0,1597142345
16573473,4.0,1591753025
16573473,5.0,1591692247
16573473,5.0,1587196216
16577331,5.0,1598954646
16577331,2.0,1582445183
16577331,5.0,1581364829
16577331,5.0,1580511976
16577331,4.0,1576389724
16579439,5.0,1599725919
16579439,5.0,1596552213
16579439,4.0,1592722294
16579439,2.0,1592564937
16579439,5.0,1591401724
16573419,3.0,1594159532
16573419,3.0,1593449302
16573419,1.0,1584611666
16573419,2.0,1584111428
16573419,5.0,1580903369
18198271,4.0,1596551577
18198271,3.0,1596102466
18198271,1.0,1593786010
18198271,4.0,1593333910
18198271,5.0,1592721836
16583132,5.0,1600584737
16583132,5.0,1594650411
16583132,1.0,1594480803
16583132,5.0,1594031551
16583132,5.0,1592750648
16577621,4.0,1598325342
16577621,3.0,1594212124
16577621,4.0,1593990453
16577621,4.0,1583897209
16577621,5.0,1583051385
16573067,5.0,1585478261
16573067,4.0,1582054713
16573067,4.0,1581345921
16573067,5.0,1580881065
16573067,5.0,1580872970
16713830,5.0,1593092100
16713830,4.0,1592833904
16713830,5.0,1589611981
16713830,5.0,1587971521
16713830,5.0,1583884685
17849363,2.0,1596879419
17849363,5.0,1585213661
17849363,4.0,1584687215
17849363,5.0,1584615148
17849363,5.0,1584424290
18097646,5.0,1601886708
18097646,5.0,1601113805
18097646,5.0,1600564917
18097646,5.0,1598586597
18097646,5.0,1598510703
16574818,4.0,1582957215
16574818,5.0,1581993710
16574818,5.0,1580717004
16574818,2.0,1579388206
16574818,5.0,1576139462
16571988,5.0,1598761295
16571988,5.0,1598036851
16571988,4.0,1595751113
16571988,5.0,1593528409
16571988,5.0,1593513295
16576672,4.0,1601363013
16576672,4.0,1597545815
16576672,1.0,1597342699
16576672,4.0,1596312185
16576672,3.0,1596106777
16582655,2.0,1586853174
16582655,4.0,1585802253
16582655,4.0,1584410221
16582655,5.0,1584184443
16582655,4.0,1583620797
16572155,5.0,1594000711
16572155,4.0,1582965362
16572155,2.0,1582087231
16572155,4.0,1580986495
16572155,5.0,1580898912
16583248,4.0,1598765498
16583248,4.0,1592200917
16583248,4.0,1591946993
16583248,5.0,1591693255
16583248,5.0,1585465311
16571628,5.0,1593219482
16571628,5.0,1591708019
16571628,5.0,1583704173
16571628,5.0,1580898487
16571628,1.0,1579872788
16572235,5.0,1601362807
16572235,5.0,1593512723
16572235,3.0,1593252866
16572235,4.0,1591620376
16572235,4.0,1591503506
16581841,4.0,1601973268
16581841,3.0,1592834739
16581841,3.0,1583023498
16581841,5.0,1582778442
16581841,5.0,1580902187
16574121,5.0,1588124629
16574121,4.0,1587792309
16574121,5.0,1584686745
16574121,5.0,1583225968
16574121,5.0,1583178270
16582908,4.0,1594459166
16582908,4.0,1585366027
16582908,4.0,1583846005
16582908,5.0,1583838577
16582908,3.0,1582970999
16586156,5.0,1595399099
16586156,5.0,1594460627
16586156,4.0,1592746730
16586156,5.0,1592309828
16586156,4.0,1589648896
16579874,5.0,1593318778
16579874,1.0,1593240427
16579874,5.0,1584229259
16579874,5.0,1583546188
16579874,5.0,1581845487
16573068,5.0,1593922620
16573068,5.0,1584273932
16573068,5.0,1584237249
16573068,2.0,1583569017
16573068,4.0,1582677734
18241437,4.0,1597143611
18241437,1.0,1594102265
18241437,3.0,1593941152
18241437,5.0,1592093541
18241437,5.0,1590210303
18347530,5.0,1601972704
18347530,5.0,1601867327
18347530,2.0,1601456100
18347530,5.0,1601379548
18347530,5.0,1601029350
16564875,2.0,1601615406
16564875,5.0,1600395848
16564875,5.0,1599876074
16564875,1.0,1598930373
16564875,5.0,1598840364
16564139,3.0,1601810296
16564139,5.0,1601102288
16564139,5.0,1599996517
16564139,5.0,1596060824
16564139,5.0,1595244835
16566986,5.0,1600581888
16566986,5.0,1600328401
16566986,5.0,1598757791
16566986,4.0,1597399603
16566986,4.0,1595997889
16564570,3.0,1601979820
16564570,5.0,1601280986
16564570,1.0,1600402865
16564570,1.0,1599867832
16564570,5.0,1599790924
16565634,4.0,1598262185
16565634,5.0,1589642513
16565634,4.0,1584527703
16565634,5.0,1583470978
16565634,1.0,1583316444
16562756,4.0,1600859765
16562756,5.0,1600074284
16562756,3.0,1596976940
16562756,5.0,1594731525
16562756,5.0,1590153536
16567840,3.0,1601434951
16567840,4.0,1597631995
16567840,4.0,1597114999
16567840,5.0,1596702334
16567840,4.0,1595851478
16558450,3.0,1584183529
16558450,5.0,1583664942
16558450,5.0,1582943398
16558450,4.0,1582625111
16558450,4.0,1582401219
16562670,1.0,1601882800
16562670,4.0,1599221909
16562670,2.0,1598595004
16562670,4.0,1598491814
16562670,4.0,1598062010
15545104,5.0,1601468807
15545104,4.0,1600318285
15545104,4.0,1598537748
15545104,5.0,1596795568
15545104,5.0,1595831526
16559119,5.0,1594960231
16559119,3.0,1591611847
16559119,3.0,1590743822
16559119,5.0,1590615142
16559119,4.0,1587083055
16557398,5.0,1585198159
16557398,5.0,1583215720
16557398,4.0,1582386394
16557398,4.0,1582311171
16557398,4.0,1582134716
15547004,5.0,1599631736
15547004,5.0,1596365911
15547004,5.0,1596089650
15547004,5.0,1595759854
15547004,5.0,1595675741
16558798,5.0,1601769281
16558798,5.0,1599742033
16558798,5.0,1592556612
16558798,5.0,1582779930
16558798,4.0,1582386644
16561824,5.0,1600474885
16561824,4.0,1598224621
16561824,5.0,1595121593
16561824,5.0,1592119715
16561824,4.0,1584858733
16559232,4.0,1596784470
16559232,5.0,1595509516
16559232,2.0,1594365075
16559232,1.0,1593840039
16559232,4.0,1592478690
16557552,2.0,1596794847
16557552,5.0,1586868802
16557552,5.0,1584703940
16557552,5.0,1584406404
16557552,1.0,1583572608
16569007,5.0,1601857231
16569007,3.0,1601047105
16569007,4.0,1599912713
16569007,3.0,1595999610
16569007,5.0,1595726449
16559790,5.0,1601892569
16559790,5.0,1600773391
16559790,4.0,1595199637
16559790,5.0,1594987721
16559790,5.0,1593062457
16562527,5.0,1600517919
16562527,5.0,1598411911
16562527,5.0,1597786459
16562527,5.0,1595564471
16562527,4.0,1595509283
16557481,5.0,1601766786
16557481,4.0,1598446429
16557481,5.0,1598173082
16557481,3.0,1596232200
16557481,5.0,1587087568
16558268,5.0,1599614910
16558268,3.0,1594529728
16558268,5.0,1593432284
16558268,5.0,1591251995
16558268,5.0,1585460041
16560990,5.0,1596967047
16560990,4.0,1594697796
16560990,5.0,1589640127
16560990,4.0,1588947530
16560990,5.0,1588767313
16562187,5.0,1597499989
16562187,5.0,1597236395
16562187,4.0,1597126125
16562187,5.0,1592374065
16562187,5.0,1582889097
16557237,4.0,1601891846
16557237,4.0,1601434366
16557237,5.0,1600987733
16557237,4.0,1593070442
16557237,5.0,1583660395
16567979,3.0,1601700264
16567979,3.0,1600818464
16567979,3.0,1600694822
16567979,4.0,1599956478
16567979,4.0,1598002203
16569454,5.0,1597321669
16569454,4.0,1594771861
16569454,5.0,1583923772
16569454,4.0,1582622861
16569454,4.0,1582400935
16566463,5.0,1599573504
16566463,4.0,1598768107
16566463,5.0,1597983387
16566463,3.0,1596854081
16566463,5.0,1586682999
16559171,4.0,1596081747
16559171,4.0,1591344761
16559171,4.0,1586867926
16559171,4.0,1584942370
16559171,5.0,1582886916
16563159,5.0,1602027332
16563159,5.0,1598936405
16563159,5.0,1596969452
16563159,5.0,1595157039
16563159,4.0,1582625003
16566109,5.0,1596888909
16566109,5.0,1596853747
16566109,2.0,1585625816
16566109,4.0,1584833804
16566109,1.0,1584161310
16562433,5.0,1601787358
16562433,4.0,1599990547
16562433,4.0,1598236262
16562433,5.0,1595831323
16562433,4.0,1595196972
16566176,4.0,1598166574
16566176,5.0,1572020166
16566176,3.0,1569502615
16566176,4.0,1567382994
16566176,5.0,1566977022
16564684,1.0,1592402492
16564684,4.0,1585446362
16564684,4.0,1584742263
16564684,4.0,1584055622
16564684,3.0,1578702783
16559908,4.0,1599134467
16559908,2.0,1594828297
16559908,4.0,1590376300
16559908,3.0,1584924963
16559908,5.0,1584792045
16568099,5.0,1602026427
16568099,4.0,1595810044
16568099,5.0,1582887061
16568099,4.0,1582709117
16568099,4.0,1582386067
16570446,5.0,1592742110
16570446,4.0,1592477969
16570446,1.0,1585276004
16570446,4.0,1580387082
16570446,4.0,1574484037
16566535,5.0,1593851029
16566535,3.0,1583316747
16566535,3.0,1574010350
16566535,5.0,1573660423
16566535,5.0,1570828519
18394951,5.0,1597793093
18394951,4.0,1596412481
18394951,5.0,1595051961
18394951,4.0,1594905992
18394951,5.0,1594043386
17744148,4.0,1601108650
17744148,4.0,1597120986
17744148,5.0,1596960954
17744148,5.0,1592123032
17744148,2.0,1591622284
17742790,3.0,1596628881
17742790,4.0,1596333116
17742790,4.0,1594212607
17742790,5.0,1593950582
17742790,3.0,1593605373
16562675,4.0,1592722956
16562675,3.0,1584493315
16562675,4.0,1584079298
16562675,4.0,1582886412
16562675,5.0,1582717362
18220980,4.0,1597411799
18220980,2.0,1596964511
18220980,5.0,1596501485
18220980,4.0,1593581271
18220980,4.0,1593534519
16557570,1.0,1600769982
16557570,5.0,1590745673
16557570,5.0,1590745649
16557570,5.0,1583366404
16557570,4.0,1582888694
16558906,5.0,1600084722
16558906,5.0,1599308776
16558906,4.0,1597549060
16558906,5.0,1596960522
16558906,5.0,1595831170
16557147,3.0,1601769841
16557147,5.0,1584604012
16557147,5.0,1582887147
16557147,4.0,1582386253
16557147,4.0,1582310917
16569877,3.0,1601691331
16569877,4.0,1601352966
16569877,4.0,1599354656
16569877,5.0,1599032719
16569877,5.0,1594740161
16558421,5.0,1588936879
16558421,3.0,1588134417
16558421,4.0,1583096622
16558421,5.0,1583017284
16558421,5.0,1582888789
16566248,5.0,1601154808
16566248,5.0,1599285767
16566248,5.0,1597104308
16566248,4.0,1594732026
16566248,5.0,1591012142
15545439,5.0,1601004824
15545439,4.0,1598575346
15545439,5.0,1596960547
15545439,3.0,1596944374
15545439,4.0,1596858049
16567674,5.0,1591172427
16567674,4.0,1582888686
16567674,4.0,1582796986
16567674,4.0,1582388486
16567674,4.0,1582311662
16559258,4.0,1593990068
16559258,5.0,1593174395
16559258,2.0,1577758184
16559258,4.0,1570200888
16559258,3.0,1568623173
16562652,4.0,1593320112
16562652,3.0,1592993575
16562652,3.0,1584528544
16562652,5.0,1582886341
16562652,4.0,1582629088
16568015,4.0,1592310442
16568015,5.0,1591886430
16568015,5.0,1589861819
16568015,5.0,1581929578
16568015,5.0,1581515135
16559009,5.0,1601865134
16559009,4.0,1600220188
16559009,3.0,1597555469
16559009,4.0,1593334605
16559009,3.0,1592624025
16557807,2.0,1597397041
16557807,5.0,1592565138
16557807,5.0,1583557708
16557807,4.0,1581511795
16557807,3.0,1572961393
16559500,4.0,1600818753
16559500,4.0,1598668701
16559500,1.0,1583067593
16559500,5.0,1582886822
16559500,5.0,1582795989
16557718,5.0,1601927127
16557718,1.0,1601888107
16557718,4.0,1597630226
16557718,3.0,1583488640
16557718,5.0,1582641280
16561338,5.0,1582888750
16561338,4.0,1582386689
16561338,3.0,1580202754
16561338,3.0,1579670920
16561338,4.0,1578190850
16568476,5.0,1596798395
16568476,5.0,1595763202
16568476,3.0,1595753360
16568476,4.0,1594611572
16568476,5.0,1592641445
16569582,5.0,1596353452
16569582,4.0,1594947405
16569582,4.0,1591184928
16569582,4.0,1584367595
16569582,4.0,1578145304
16563069,5.0,1601702101
16563069,5.0,1595112450
16563069,5.0,1584317710
16563069,4.0,1582931778
16563069,5.0,1582887092
16564479,5.0,1601462028
16564479,5.0,1599820092
16564479,4.0,1597786490
16564479,4.0,1584164278
16564479,5.0,1583449037
16565382,3.0,1587115469
16565382,5.0,1582889046
16565382,5.0,1581759644
16565382,5.0,1575762233
16565382,5.0,1575587822
15546922,5.0,1600772641
15546922,2.0,1598441700
15546922,4.0,1598331702
15546922,3.0,1598093027
15546922,2.0,1596945098
18498289,5.0,1601937825
18498289,4.0,1599864944
18498289,5.0,1598821337
18498289,4.0,1584367654
18498289,4.0,1584242145
16557948,5.0,1596717419
16557948,5.0,1578486623
16557948,4.0,1573729757
16557948,4.0,1573660565
16557948,3.0,1572820002
16559833,5.0,1587368258
16559833,4.0,1582622845
16559833,5.0,1582434518
16559833,4.0,1582388551
16559833,5.0,1581141803
16563918,4.0,1599927141
16563918,5.0,1583583643
16563918,5.0,1582888976
16563918,5.0,1577861533
16563918,2.0,1573722817
16566183,5.0,1601631601
16566183,4.0,1597579260
16566183,3.0,1596799842
16566183,4.0,1592013871
16566183,5.0,1582888650
16559453,4.0,1601450869
16559453,2.0,1599030471
16559453,5.0,1598453840
16559453,5.0,1596858554
16559453,3.0,1596606618
16564601,4.0,1593909022
16564601,2.0,1593294424
16564601,1.0,1592105962
16564601,4.0,1584789804
16564601,3.0,1574550224
16558176,5.0,1596781644
16558176,5.0,1594117919
16558176,4.0,1586664556
16558176,5.0,1579268957
16558176,4.0,1578740540
16566332,4.0,1593480722
16566332,5.0,1582192144
16566332,5.0,1580621002
16566332,4.0,1573209494
16566332,5.0,1563015638
18381614,4.0,1600664455
18381614,5.0,1600395704
18381614,5.0,1600313974
18381614,5.0,1599309430
18381614,5.0,1599241322
18494965,5.0,1599902924
18494965,4.0,1597231057
18494965,3.0,1595158080
18494965,5.0,1591432530
18494965,4.0,1584367293
16559190,4.0,1600952374
16559190,5.0,1598611914
16559190,5.0,1592031920
16559190,5.0,1586869164
16559190,5.0,1583726274
16558549,5.0,1583097555
16558549,3.0,1581827297
16558549,3.0,1580732648
16558549,3.0,1580526081
16558549,4.0,1580256544
16557373,3.0,1590106486
16557373,5.0,1582888811
16557373,4.0,1582386749
16557373,4.0,1582311546
16557373,5.0,1581819613
16558647,1.0,1601934338
16558647,3.0,1600584115
16558647,4.0,1599041704
16558647,5.0,1598000948
16558647,4.0,1597928494
16558709,5.0,1586401821
16558709,5.0,1582889000
16558709,5.0,1574158374
16558709,5.0,1566010573
16558709,3.0,1563589006
16563607,5.0,1596858567
16563607,4.0,1596278547
16563607,5.0,1593320141
16563607,5.0,1590320369
16563607,4.0,1583801467
18518832,3.0,1600490165
18518832,4.0,1599120501
18518832,4.0,1597490413
18518832,4.0,1594079199
18518832,5.0,1591692362
16558672,4.0,1599810940
16558672,5.0,1597117653
16558672,3.0,1584242633
16558672,5.0,1584067087
16558672,1.0,1583512325
17744545,5.0,1600580514
17744545,4.0,1597115631
17744545,5.0,1595763646
17744545,4.0,1590058648
17744545,4.0,1583584294
16559582,3.0,1601760257
16559582,5.0,1592903937
16559582,4.0,1582386333
16559582,4.0,1582311013
16559582,4.0,1582134543
16563714,4.0,1593782157
16563714,4.0,1585371920
16563714,4.0,1583116877
16563714,4.0,1582888781
16563714,4.0,1582386630
16594733,5.0,1601729812
16594733,5.0,1601041218
16594733,4.0,1597812761
16594733,5.0,1597812723
16594733,4.0,1595222713
18441945,4.0,1601866376
18441945,5.0,1600776691
18441945,5.0,1600474112
18441945,4.0,1599967625
18441945,5.0,1599921653
16593535,5.0,1594397223
16593535,5.0,1581764069
16593535,5.0,1580810600
16593535,3.0,1576292467
16593535,4.0,1576241419
16589856,3.0,1601436330
16589856,4.0,1595942723
16589856,5.0,1577760145
16589856,2.0,1575457580
16589856,4.0,1574426314
16591979,3.0,1595585610
16591979,5.0,1592270588
16591979,5.0,1588727567
16591979,5.0,1581128335
16591979,2.0,1579095659
16593328,4.0,1601762829
16593328,4.0,1597196159
16593328,3.0,1594430818
16593328,4.0,1589690563
16593328,4.0,1581374557
16590678,5.0,1600769205
16590678,5.0,1598442472
16590678,5.0,1596704327
16590678,5.0,1596362915
16590678,3.0,1594728205
16590943,5.0,1597623308
16590943,4.0,1594692028
16590943,1.0,1593162872
16590943,4.0,1578406506
16590943,1.0,1577431657
16595162,5.0,1594020760
16595162,4.0,1592047688
16595162,5.0,1582446091
16595162,1.0,1581931178
16595162,4.0,1581491122
16592679,5.0,1600257388
16592679,3.0,1577678732
16592679,5.0,1577667985
16592679,3.0,1574070876
16592679,5.0,1568240820
16590496,3.0,1583912274
16590496,4.0,1582425659
16590496,5.0,1581938695
16590496,5.0,1580452487
16590496,2.0,1579260822
16591972,3.0,1596920428
16591972,5.0,1589448920
16591972,1.0,1582440827
16591972,3.0,1579638662
16591972,5.0,1579260411
16590174,4.0,1598152174
16590174,4.0,1597653756
16590174,3.0,1590190288
16590174,5.0,1582021142
16590174,4.0,1580964066
16591811,5.0,1577875308
16591811,5.0,1570544101
16591811,4.0,1569990575
16591811,5.0,1559636502
16591811,3.0,1558003025
16595540,4.0,1598073462
16595540,5.0,1594174158
16595540,5.0,1593839670
16595540,4.0,1592270538
16595540,5.0,1589022652
16590399,2.0,1600077230
16590399,5.0,1597984810
16590399,5.0,1583360016
16590399,5.0,1582218543
16590399,5.0,1581802180
16591194,4.0,1596803914
16591194,3.0,1595327076
16591194,4.0,1583067319
16591194,2.0,1581130369
16591194,4.0,1575078044
16591947,3.0,1599973175
16591947,5.0,1595414167
16591947,4.0,1581660238
16591947,3.0,1574474403
16591947,4.0,1573867555
16589946,5.0,1592693903
16589946,5.0,1581128450
16589946,5.0,1575025139
16589946,5.0,1574428662
16589946,5.0,1572911162
16592585,5.0,1591442320
16592585,5.0,1586156328
16592585,5.0,1586154727
16592585,5.0,1586153765
16592585,4.0,1576227418
16590994,4.0,1601805024
16590994,5.0,1601703978
16590994,5.0,1595061321
16590994,5.0,1574425822
16590994,5.0,1573205565
16590468,4.0,1583790911
16590468,4.0,1581749640
16590468,3.0,1577613277
16590468,4.0,1572999239
16590468,5.0,1566350463
16590549,4.0,1581127035
16590549,5.0,1573550754
16590549,5.0,1570361700
16590549,3.0,1563198037
16590549,2.0,1558059392
16592280,4.0,1600492554
16592280,5.0,1596117905
16592280,4.0,1594302678
16592280,4.0,1590610229
16592280,5.0,1588573993
16590758,4.0,1601007706
16590758,3.0,1595657242
16590758,5.0,1589628336
16590758,5.0,1587956914
16590758,5.0,1582246268
16589795,5.0,1601595558
16589795,2.0,1578030594
16589795,4.0,1571475316
16589795,4.0,1570091726
16589795,5.0,1567750680
16594075,3.0,1601350937
16594075,5.0,1596108235
16594075,5.0,1595675898
16594075,5.0,1595139421
16594075,4.0,1592463451
16592896,5.0,1600524206
16592896,5.0,1599313491
16592896,1.0,1590996926
16592896,5.0,1581851103
16592896,5.0,1577226902
16591992,5.0,1601593073
16591992,4.0,1601068960
16591992,3.0,1599357708
16591992,4.0,1597490851
16591992,4.0,1595891656
16594235,3.0,1601878022
16594235,5.0,1594488765
16594235,4.0,1590476100
16594235,2.0,1587504732
16594235,4.0,1584554457
16593214,5.0,1597058653
16593214,5.0,1596145166
16593214,5.0,1594723995
16593214,5.0,1590485760
16593214,5.0,1584053725
16590484,2.0,1601431448
16590484,3.0,1593315158
16590484,1.0,1592647785
16590484,4.0,1582117682
16590484,2.0,1581989901
16590287,2.0,1574590089
16590287,5.0,1574487974
16590287,4.0,1568624879
16590287,1.0,1565319562
16590287,5.0,1560829554
16590079,4.0,1598579502
16590079,5.0,1595655356
16590079,5.0,1574624730
16590079,5.0,1566858385
16590079,5.0,1566629765
16591388,5.0,1588841577
16591388,5.0,1586046157
16591388,4.0,1579668169
16591388,5.0,1572682904
16591388,4.0,1571520065
16589866,5.0,1592910212
16589866,4.0,1583837635
16589866,4.0,1581756805
16589866,4.0,1563022208
16589866,5.0,1562893480
16589840,4.0,1599379308
16589840,4.0,1554033794
16589840,4.0,1552337486
16589840,4.0,1548545316
16589840,5.0,1547467528
16590589,5.0,1582069880
16590589,5.0,1577770344
16590589,2.0,1577615241
16590589,5.0,1575628579
16590589,4.0,1574545613
16591588,2.0,1598180223
16591588,3.0,1598156023
16591588,4.0,1582026733
16591588,2.0,1578894144
16591588,3.0,1574588777
16590186,4.0,1582860984
16590186,5.0,1582756450
16590186,4.0,1568718720
16590186,3.0,1567302378
16590186,5.0,1558355007
16593466,5.0,1594342432
16593466,4.0,1578446546
16593466,4.0,1578025600
16593466,4.0,1574735146
16593466,5.0,1573454480
16590137,4.0,1601783179
16590137,4.0,1601074609
16590137,3.0,1599882806
16590137,5.0,1596872031
16590137,5.0,1592401081
16590241,5.0,1600933544
16590241,5.0,1596880833
16590241,5.0,1583965768
16590241,4.0,1583883855
16590241,4.0,1576751988
18157199,5.0,1601330709
18157199,4.0,1599874740
18157199,5.0,1598676580
18157199,2.0,1592569242
18157199,3.0,1592383901
16595315,4.0,1602133091
16595315,5.0,1600697911
16595315,3.0,1595985133
16595315,4.0,1584355472
16595315,4.0,1583012276
16595581,5.0,1601697028
16595581,5.0,1598132911
16595581,5.0,1596283844
16595581,5.0,1593818112
16595581,5.0,1581938526
16591327,5.0,1580862730
16591327,4.0,1574427498
16591327,4.0,1564729992
16591327,4.0,1561764733
16591327,4.0,1546479326
16591004,4.0,1601974390
16591004,4.0,1590286601
16591004,1.0,1580301075
16591004,1.0,1560468376
16591004,4.0,1558060548
16590314,3.0,1593934594
16590314,5.0,1581131996
16590314,5.0,1580123862
16590314,2.0,1577489420
16590314,4.0,1575887905
16592177,4.0,1599129316
16592177,4.0,1595355460
16592177,3.0,1578836824
16592177,4.0,1572689369
16592177,3.0,1564055726
16592889,4.0,1595355560
16592889,2.0,1593828163
16592889,5.0,1592270490
16592889,4.0,1579558442
16592889,4.0,1575413449
16589993,5.0,1590672315
16589993,5.0,1581841818
16589993,4.0,1581213549
16589993,5.0,1579041371
16589993,5.0,1573738836
18221847,5.0,1595420226
18221847,5.0,1594683180
18221847,4.0,1593229302
18221847,4.0,1590611849
18221847,5.0,1578832224
16590279,2.0,1598090542
16590279,4.0,1584554592
16590279,4.0,1584355361
16590279,4.0,1578952830
16590279,2.0,1562663727
16589882,5.0,1594469001
16589882,5.0,1590660519
16589882,5.0,1574170665
16589882,5.0,1569644947
16589882,5.0,1566447972
16589777,5.0,1601453011
16589777,5.0,1598491800
16589777,4.0,1597577613
16589777,5.0,1597177438
16589777,5.0,1592216594
18019691,4.0,1598594528
18019691,5.0,1597640800
18019691,5.0,1595400825
18019691,4.0,1593350441
18019691,5.0,1586417068
16589893,4.0,1600402611
16589893,4.0,1584355167
16589893,5.0,1584244801
16589893,1.0,1580000459
16589893,4.0,1575044731
17841467,4.0,1581938830
17841467,4.0,1560569484
17841467,3.0,1558836319
17841467,5.0,1555221709
17841467,5.0,1545282610
16590591,5.0,1597068804
16590591,5.0,1583240046
16590591,3.0,1581861526
16590591,3.0,1579692080
16590591,5.0,1573174539
16591893,5.0,1599290880
16591893,5.0,1583617308
16591893,4.0,1583466895
16591893,5.0,1577950851
16591893,5.0,1571204825
16591182,4.0,1582755447
16591182,5.0,1578128239
16591182,5.0,1575542722
16591182,2.0,1570661729
16591182,3.0,1554191401
16590106,4.0,1584554475
16590106,4.0,1584355236
16590106,4.0,1561286415
16590106,2.0,1560246890
16590106,5.0,1558364659
16593278,3.0,1598836934
16593278,5.0,1596487540
16593278,4.0,1584554500
16593278,4.0,1584355245
16593278,5.0,1579651748
